,id,desc,term,source,url
0,tgm012273,"Library [of Congress, main reading room, Washington, D.C.]",Glass,https://www.loc.gov/pictures/item/2016819413/,https://tile.loc.gov/storage-services/service/pnp/npcc/00100/00126r.jpg
1,tgm012273,[Stained glass windows],Glass,https://www.loc.gov/pictures/item/2016819457/,https://tile.loc.gov/storage-services/service/pnp/npcc/00000/00052r.jpg
2,tgm012273,"Cone-shaped exterior feature at the Museum of Glass in Tacoma, Washington",Glass,https://www.loc.gov/pictures/item/2018699148/,https://tile.loc.gov/storage-services/service/pnp/highsm/50900/50946r.jpg
3,tgm012273,"Cone-shaped exterior feature at the Museum of Glass in Tacoma, Washington",Glass,https://www.loc.gov/pictures/item/2018699154/,https://tile.loc.gov/storage-services/service/pnp/highsm/50900/50952r.jpg
4,tgm012273,"[Library of Congress (Washington, D.C.). Leaded glass work. Skylights and octagon windows. Elevation and reflected ceiling plans. Working drawing]",Glass,https://www.loc.gov/pictures/item/2001695198/,https://tile.loc.gov/storage-services/service/pnp/ppmsc/03900/03998r.jpg
5,tgm012273,"[Main Reading Room. Semi-circular stained glass window in alcove by H.T. Schladermundt with statues of Art and History on either side. Library of Congress Thomas Jefferson Building, Washington, D.C.]",Glass,https://www.loc.gov/pictures/item/2007684385/,https://tile.loc.gov/storage-services/service/pnp/highsm/02000/02085r.jpg
6,tgm012273,"[Main Reading Room. Semi-circular stained glass window in alcove by H.T. Schladermundt with statues of Religion and Science on either side. Library of Congress Thomas Jefferson Building, Washington, D.C.]",Glass,https://www.loc.gov/pictures/item/2007684387/,https://tile.loc.gov/storage-services/service/pnp/highsm/02000/02087r.jpg
7,tgm012273,"[Main Reading Room. Semi-circular stained glass window in alcove by H.T. Schladermundt with statues of Poetry and Philosophy on either side. Library of Congress Thomas Jefferson Building, Washington, D.C.]",Glass,https://www.loc.gov/pictures/item/2007684388/,https://tile.loc.gov/storage-services/service/pnp/highsm/02000/02088r.jpg
8,tgm012273,"[Main Reading Room. Detail of stained glass window and coffered arch inside alcove. Library of Congress Thomas Jefferson Building, Washington, D.C.]",Glass,https://www.loc.gov/pictures/item/2007684392/,https://tile.loc.gov/storage-services/service/pnp/highsm/02000/02092r.jpg
9,tgm012273,"[Main Reading Room. Detail of stained glass window inside alcove. Library of Congress Thomas Jefferson Building, Washington, D.C.]",Glass,https://www.loc.gov/pictures/item/2007684393/,https://tile.loc.gov/storage-services/service/pnp/highsm/02000/02093r.jpg
10,tgm012273,"""The valiant woman""",Glass,https://www.loc.gov/pictures/item/2011649760/,https://tile.loc.gov/storage-services/service/pnp/ppmsca/31800/31837r.jpg
11,tgm012273,"""Easter angel""",Glass,https://www.loc.gov/pictures/item/2011649762/,https://tile.loc.gov/storage-services/service/pnp/ppmsca/31800/31839r.jpg
12,tgm012273,"""Moses""",Glass,https://www.loc.gov/pictures/item/2011649764/,https://tile.loc.gov/storage-services/service/pnp/ppmsca/31800/31841r.jpg
13,tgm012273,"""St. Paul preaching at Athens""",Glass,https://www.loc.gov/pictures/item/2011649765/,https://tile.loc.gov/storage-services/service/pnp/ppmsca/31800/31842r.jpg
14,tgm012273,Visual materials from the Frederick Albert Cook papers,Glass,https://www.loc.gov/pictures/item/99472033/,https://tile.loc.gov/storage-services/service/pnp/ppmsca/38400/38431_150px.jpg
15,tgm012273,"[Main Reading Room. Semi-circular stained glass window in alcove by H.T. Schladermundt with statues of Religion and Science on either side. Library of Congress Thomas Jefferson Building, Washington, D.C.]",Glass,https://www.loc.gov/pictures/item/2007684389/,https://tile.loc.gov/storage-services/service/pnp/highsm/02000/02089r.jpg
16,tgm012273,"[Main Reading Room. Semi-circular stained glass window in alcove with statues of History and Commerce on either side. Library of Congress Thomas Jefferson Building, Washington, D.C.]",Glass,https://www.loc.gov/pictures/item/2007684390/,https://tile.loc.gov/storage-services/service/pnp/highsm/02000/02090r.jpg
17,tgm012273,"[Main Reading Room. Semi-circular stained glass window in alcove with statues of History and Commerce on either side. Library of Congress Thomas Jefferson Building, Washington, D.C.]",Glass,https://www.loc.gov/pictures/item/2007684391/,https://tile.loc.gov/storage-services/service/pnp/highsm/02000/02091r.jpg
18,tgm009100,"""Thanks, pal -- now is there any way you can keep those tricky Japanese auto makers from installing them in their cars?""",Safety,https://www.loc.gov/pictures/item/2012640822/,https://tile.loc.gov/storage-services/service/pnp/hlb/10200/10227_150px.jpg
19,tgm009100,"""He wants us to check the brand name and then try it first ourselves""",Safety,https://www.loc.gov/pictures/item/2012644382/,https://tile.loc.gov/storage-services/service/pnp/hlb/14100/14113_150px.jpg
20,tgm009100,Demonstration of safety control device for railroad crossing before members of Congress at the Capitol today,Safety,https://www.loc.gov/pictures/item/91785783/,https://tile.loc.gov/storage-services/service/pnp/cph/3b40000/3b42000/3b42000/3b42053r.jpg
21,tgm009100,"""Couldn't we let him do something besides point?""",Safety,https://www.loc.gov/pictures/item/2012632795/,https://tile.loc.gov/storage-services/service/pnp/hlb/02900/02947_150px.jpg
22,tgm009100,"""I was just -- uh -- demonstrating a type of passive restraint""",Safety,https://www.loc.gov/pictures/item/2012640732/,https://tile.loc.gov/storage-services/service/pnp/hlb/10300/10389_150px.jpg
23,tgm009100,Burk Uzzle photojournalism collection (Library of Congress),Safety,https://www.loc.gov/pictures/item/2012645750/,https://tile.loc.gov/storage-services/service/pnp/ppmsca/38400/38457_150px.jpg
24,tgm009100,"Harry [i.e., Henry] Hanawa, mechanic, Manzanar Relocation Center, California",Safety,https://www.loc.gov/pictures/item/2001704600/,https://tile.loc.gov/storage-services/service/pnp/ppprs/00200/00256r.jpg
25,tgm009100,"Corporal Jimmie Shohara, Manzanar Relocation Center, Calif.",Safety,https://www.loc.gov/pictures/item/2001704602/,https://tile.loc.gov/storage-services/service/pnp/ppprs/00200/00263r.jpg
26,tgm009100,"Harry Sumida, in hospital, Manzanar Relocation Center",Safety,https://www.loc.gov/pictures/item/2001704603/,https://tile.loc.gov/storage-services/service/pnp/ppprs/00200/00269r.jpg
27,tgm011468,"Rock Island Arsenal, Rock Island, Rock Island County, IL",War,https://www.loc.gov/pictures/item/il0278/,https://tile.loc.gov/storage-services/service/pnp/habshaer/il/il0200/il0278/photos/063535pr.jpg
28,tgm011468,"U.S. Navy Oilers and Tankers, U.S. Maritime Administration, Washington, District of Columbia, DC",War,https://www.loc.gov/pictures/item/dc1026/,https://tile.loc.gov/storage-services/service/pnp/habshaer/dc/dc1000/dc1026/sheet/00001r.jpg
29,tgm011468,Selected copyright deposit photos of the first World War,War,https://www.loc.gov/pictures/item/2005684648/,https://tile.loc.gov/storage-services/service/pnp/cph/3a20000/3a23000/3a23700/3a23706_150px.jpg
30,tgm011468,"Fort Delaware, Pea Patch Island, Delaware City, New Castle County, DE",War,https://www.loc.gov/pictures/item/de0129/,https://tile.loc.gov/storage-services/service/pnp/habshaer/de/de0100/de0129/photos/031867pr.jpg
31,tgm011468,"Rock Island Arsenal, Building No. 60, Rodman Avenue between Gillespie Avenue & First Street, Rock Island, Rock Island County, IL",War,https://www.loc.gov/pictures/item/il0504/,https://tile.loc.gov/storage-services/service/pnp/habshaer/il/il0500/il0504/photos/063869pr.jpg
32,tgm011468,"Rock Island Arsenal, Building No. 62, Rodman Avenue between First & Second Streets, Rock Island, Rock Island County, IL",War,https://www.loc.gov/pictures/item/il0505/,https://tile.loc.gov/storage-services/service/pnp/habshaer/il/il0500/il0505/photos/063880pr.jpg
33,tgm011468,"Rock Island Arsenal, Building No. 68, Rodman Avenue between Fourth Street & East Avenue, Rock Island, Rock Island County, IL",War,https://www.loc.gov/pictures/item/il0506/,https://tile.loc.gov/storage-services/service/pnp/habshaer/il/il0500/il0506/photos/063934pr.jpg
34,tgm011468,"Rock Island Arsenal, Building No. 104, Rodman Avenue between First & Second Streets, Rock Island, Rock Island County, IL",War,https://www.loc.gov/pictures/item/il0507/,https://tile.loc.gov/storage-services/service/pnp/habshaer/il/il0500/il0507/photos/063596pr.jpg
35,tgm011468,"Rock Island Arsenal, Building No. 108, Rodman Avenue between Third & Fourth Streets, Rock Island, Rock Island County, IL",War,https://www.loc.gov/pictures/item/il0508/,https://tile.loc.gov/storage-services/service/pnp/habshaer/il/il0500/il0508/photos/063628pr.jpg
36,tgm011468,"Rock Island Arsenal, Building No. 110, Rodman Avenue between Fourth Street & East Avenue, Rock Island, Rock Island County, IL",War,https://www.loc.gov/pictures/item/il0509/,https://tile.loc.gov/storage-services/service/pnp/habshaer/il/il0500/il0509/photos/063639pr.jpg
37,tgm011468,"Rock Island Arsenal, Building No. 105, South Avenue between Gillespie Avenue & Second Street, Rock Island, Rock Island County, IL",War,https://www.loc.gov/pictures/item/il0510/,https://tile.loc.gov/storage-services/service/pnp/habshaer/il/il0500/il0510/photos/063602pr.jpg
38,tgm011468,"Rock Island Arsenal, Building No. 56, North Avenue & East Avenue, Rock Island, Rock Island County, IL",War,https://www.loc.gov/pictures/item/il0511/,https://tile.loc.gov/storage-services/service/pnp/habshaer/il/il0500/il0511/photos/063858pr.jpg
39,tgm011468,"Rock Island Arsenal, Building No. 138, Second Avenue between South Avenue & Ramsey Street, Rock Island, Rock Island County, IL",War,https://www.loc.gov/pictures/item/il0513/,https://tile.loc.gov/storage-services/service/pnp/habshaer/il/il0500/il0513/photos/063672pr.jpg
40,tgm011468,"Rock Island Arsenal, Building No. 280, Sylvan Drive, Rock Island, Rock Island County, IL",War,https://www.loc.gov/pictures/item/il0514/,https://tile.loc.gov/storage-services/service/pnp/habshaer/il/il0500/il0514/photos/063791pr.jpg
41,tgm011468,"Rock Island Arsenal, Building No. 64, Rodman Avenue between Second & Third Streets, Rock Island, Rock Island County, IL",War,https://www.loc.gov/pictures/item/il0532/,https://tile.loc.gov/storage-services/service/pnp/habshaer/il/il0500/il0532/photos/063887pr.jpg
42,tgm011468,"Rock Island Arsenal, Building No. 66, Rodman Avenue between Third & Fourth Streets, Rock Island, Rock Island County, IL",War,https://www.loc.gov/pictures/item/il0533/,https://tile.loc.gov/storage-services/service/pnp/habshaer/il/il0500/il0533/photos/063911pr.jpg
43,tgm011468,"Rock Island Arsenal, Building No. 102, Rodman Avenue between Gillespie Avenue & First Street, Rock Island, Rock Island County, IL",War,https://www.loc.gov/pictures/item/il0534/,https://tile.loc.gov/storage-services/service/pnp/habshaer/il/il0500/il0534/photos/063579pr.jpg
44,tgm005025,"Recht-Eigentlicher Abriss der Neu-aufgebauten Ungarischen Gräntz-Vestung Neu-Serinwar samt dero Schantzen, und wie solche von den Türcken allbereit angefochten ; mit beygesetzter eigentlicher Abbildung der Vestung Clausenburg in Siebenbürgen.",History,https://www.loc.gov/pictures/item/2016645786/,https://tile.loc.gov/storage-services/service/pnp/cph/3b10000/3b14000/3b14600/3b14610r.jpg
45,tgm005025,"Chaplain Chapman of the 169th N.Y. performing divine service at Gen. W.F. Smith's Head Quarters in front of Petersburg, July 3rd",History,https://www.loc.gov/pictures/item/2004661220/,https://tile.loc.gov/storage-services/service/pnp/ppmsca/21600/21697r.jpg
46,tgm005025,Tribute to the unconquerables,History,https://www.loc.gov/pictures/item/2005681755/,https://tile.loc.gov/storage-services/service/pnp/fsa/8b03000/8b03900/8b03923_150px.jpg
47,tgm005025,Band of 107th U.S. Colored Infantry,History,https://www.loc.gov/pictures/item/00651620/,https://tile.loc.gov/storage-services/service/pnp/ppmsc/02700/02781r.jpg
48,tgm005025,"Ordnance Depot at Broadway Landing-Siege train awaiting shipment-U.S. guns on left, Confederate captured ordnance on right",History,https://www.loc.gov/pictures/item/2011646159/,https://tile.loc.gov/storage-services/service/pnp/stereo/1s00000/1s02000/1s02800/1s02893r.jpg
49,tgm005025,"Arsenal grounds, Richmond, Va., showing ruins and shot and shell scattered around",History,https://www.loc.gov/pictures/item/2011646703/,https://tile.loc.gov/storage-services/service/pnp/stereo/1s00000/1s02000/1s02900/1s02919r.jpg
50,tgm005025,"Arsenal grounds, Richmond, Va., showing ruins and shot and shell scattered around",History,https://www.loc.gov/pictures/item/2011646704/,https://tile.loc.gov/storage-services/service/pnp/stereo/1s00000/1s02000/1s02400/1s02426r.jpg
51,tgm005025,"View on the Battery, Charleston, S.C. Remains of the large Blakely gun, burst by the rebels before the evacuation",History,https://www.loc.gov/pictures/item/2011646727/,https://tile.loc.gov/storage-services/service/pnp/stereo/1s00000/1s02000/1s02400/1s02448r.jpg
52,tgm005025,Railroad battery before Petersburg,History,https://www.loc.gov/pictures/item/2011660451/,https://tile.loc.gov/storage-services/service/pnp/stereo/1s00000/1s02000/1s02700/1s02776r.jpg
53,tgm005025,Ambulance wagons on the battle field of Bull Run,History,https://www.loc.gov/pictures/item/2015647555/,https://tile.loc.gov/storage-services/service/pnp/stereo/1s00000/1s04000/1s04300/1s04381r.jpg
54,tgm005025,"Songs of the War, by Private Miles O'Reilly",History,https://www.loc.gov/pictures/item/92504965/,https://tile.loc.gov/storage-services/service/pnp/cph/3f00000/3f03000/3f03700/3f03772r.jpg
55,tgm005191,"Caldwell-Hutchison Farm, County Road 93, Lowndesville, Abbeville County, SC",Houses,https://www.loc.gov/pictures/item/sc0075/,https://tile.loc.gov/storage-services/service/pnp/habshaer/sc/sc0000/sc0075/color/570696cr.jpg
56,tgm005191,City houses between party walls,Houses,https://www.loc.gov/pictures/item/97506233/,https://tile.loc.gov/storage-services/service/pnp/cph/3c30000/3c33000/3c33200/3c33297_150px.jpg
57,tgm005191,"Louis Justement, architect. Plans and pictures of Washington, D.C. XIV",Houses,https://www.loc.gov/pictures/item/2019680052/,https://tile.loc.gov/storage-services/service/pnp/thc/5a44000/5a44200/5a44251r.jpg
58,tgm005191,"Webb House, 520 Main Street, Greensboro, Hale County, AL",Houses,https://www.loc.gov/pictures/item/al0221/,https://tile.loc.gov/storage-services/service/pnp/habshaer/al/al0200/al0221/photos/002603pr.jpg
59,tgm005191,"Sellwood, State Route 76, Sylacauga, Talladega County, AL",Houses,https://www.loc.gov/pictures/item/al0744/,https://tile.loc.gov/storage-services/service/pnp/habshaer/al/al0700/al0744/photos/006870pr.jpg
60,tgm005191,"Savannah Victorian Historic District, 210-212 West Henry Street (House), Savannah, Chatham County, GA",Houses,https://www.loc.gov/pictures/item/ga0105/,https://tile.loc.gov/storage-services/service/pnp/habshaer/ga/ga0100/ga0105/photos/055664pr.jpg
61,tgm005191,"Dr. Amos Holbrook Place, 203 Adams Street, Milton, Norfolk County, MA",Houses,https://www.loc.gov/pictures/item/ma0841/,https://tile.loc.gov/storage-services/service/pnp/habshaer/ma/ma0800/ma0841/sheet/00000r.jpg
62,tgm005191,"504-520 Cathedral Street (Houses), Baltimore, Independent City, MD",Houses,https://www.loc.gov/pictures/item/md0120/,https://tile.loc.gov/storage-services/service/pnp/habshaer/md/md0100/md0120/photos/086908pr.jpg
63,tgm005191,"833-837 Park Avenue (Houses), Baltimore, Independent City, MD",Houses,https://www.loc.gov/pictures/item/md0129/,https://tile.loc.gov/storage-services/service/pnp/habshaer/md/md0100/md0129/photos/085775pr.jpg
64,tgm005191,"The Cottage, 11904 Old Marlboro Pike, Upper Marlboro, Prince George's County, MD",Houses,https://www.loc.gov/pictures/item/md1183/,https://tile.loc.gov/storage-services/service/pnp/habshaer/md/md1100/md1183/photos/043411pr.jpg
65,tgm005191,"12401 Sussex Lane (House), Bowie, Prince George's County, MD",Houses,https://www.loc.gov/pictures/item/md1771/,https://tile.loc.gov/storage-services/service/pnp/habshaer/md/md1700/md1771/photos/362048pr.jpg
66,tgm005191,"12405 Sussex Lane (House), Bowie, Prince George's County, MD",Houses,https://www.loc.gov/pictures/item/md1773/,https://tile.loc.gov/storage-services/service/pnp/habshaer/md/md1700/md1773/photos/362049pr.jpg
67,tgm005191,"Captain Daniel Holden House, 24 Elm Street, Topsham, Sagadahoc County, ME",Houses,https://www.loc.gov/pictures/item/me0137/,https://tile.loc.gov/storage-services/service/pnp/habshaer/me/me0100/me0137/photos/087438pr.jpg
68,tgm005191,"Los Luceros House, Between U.S. Route 64; Rio Grande River; Los Luceros, Alcalde, Rio Arriba County, NM",Houses,https://www.loc.gov/pictures/item/nm0085/,https://tile.loc.gov/storage-services/service/pnp/habshaer/nm/nm0000/nm0085/sheet/00001r.jpg
69,tgm005191,"Andalusia, State Road vicinity (Bensalem Township), Andalusia, Bucks County, PA",Houses,https://www.loc.gov/pictures/item/pa0213/,https://tile.loc.gov/storage-services/service/pnp/habshaer/pa/pa0200/pa0213/color/368253cr.jpg
70,tgm005191,"Paul Hamilton House (Ruins), Russell Creek, Edisto Island, Charleston County, SC",Houses,https://www.loc.gov/pictures/item/sc0228/,https://tile.loc.gov/storage-services/service/pnp/habshaer/sc/sc0200/sc0228/photos/149507pr.jpg
71,tgm005191,"6666 Ranch, Main House, 1102 Dash for Cash Road, Guthrie, King County, TX",Houses,https://www.loc.gov/pictures/item/tx1075/,https://tile.loc.gov/storage-services/service/pnp/habshaer/tx/tx1000/tx1075/sheet/00001r.jpg
72,tgm003790,Architectural drawing showing structures completed prior to January 1912,Facilities,https://www.loc.gov/pictures/item/95860802/,https://tile.loc.gov/storage-services/service/pnp/ade/2a02000/2a02700/2a02722_150px.jpg
73,tgm003790,"Willimantic, Conn., 1882 From Blake Mountain /",Facilities,https://www.loc.gov/pictures/item/98508605/,https://tile.loc.gov/storage-services/service/pnp/pga/01400/01486r.jpg
74,tgm003790,"Architectural drawings showing buildings designed by Gilbert, compared to famous examples of world architecture",Facilities,https://www.loc.gov/pictures/item/95860803/,https://tile.loc.gov/storage-services/service/pnp/cph/3g00000/3g01000/3g01800/3g01866_150px.jpg
75,tgm003790,"[American University, Art center and school, Washington, D.C. (project) Bird's-eye view rendering]",Facilities,https://www.loc.gov/pictures/item/2011648064/,https://tile.loc.gov/storage-services/service/pnp/ppmsca/31500/31535r.jpg
76,tgm003790,"Iron viaduct, Cin. So. Ry. Dale Creek trestle, Union Pacific Ry. Missouri, Kansas & Texas Ry.",Facilities,https://www.loc.gov/pictures/item/2015649858/,https://tile.loc.gov/storage-services/service/pnp/ds/07600/07672r.jpg
77,tgm001405,"Quincy Mining Company, Hancock, Houghton County, MI",Buildings,https://www.loc.gov/pictures/item/mi0086/,https://tile.loc.gov/storage-services/service/pnp/habshaer/mi/mi0000/mi0086/color/570408cr.jpg
78,tgm001405,"U.S. Naval Base, Pearl Harbor, Naval Housing Area Hospital Point, Along First Avenue to west of & along Ford Island Way, Pearl City, Honolulu County, HI",Buildings,https://www.loc.gov/pictures/item/hi0579/,https://tile.loc.gov/storage-services/service/pnp/habshaer/hi/hi0500/hi0579/photos/209114pr.jpg
79,tgm001405,"Smith Mine, Bear Creek 1.5 miles West of Town of Bear Creek, Red Lodge, Carbon County, MT",Buildings,https://www.loc.gov/pictures/item/mt0168/,https://tile.loc.gov/storage-services/service/pnp/habshaer/mt/mt0100/mt0168/photos/101280pr.jpg
80,tgm001405,"Thames Street Area Survey, Thames Street, between Washington Square & Memorial Boulevard, Newport, Newport County, RI",Buildings,https://www.loc.gov/pictures/item/ri0080/,https://tile.loc.gov/storage-services/service/pnp/habshaer/ri/ri0000/ri0080/photos/144964pr.jpg
81,tgm001405,"Holston Army Ammunition Plant, Along Holston River, Kingsport, Sullivan County, TN",Buildings,https://www.loc.gov/pictures/item/tn0196/,https://tile.loc.gov/storage-services/service/pnp/habshaer/tn/tn0100/tn0196/sheet/00001r.jpg
82,tgm001405,Capitol,Buildings,https://www.loc.gov/pictures/item/2019630264/,https://tile.loc.gov/storage-services/service/pnp/stereo/1s20000/1s24000/1s24300/1s24369_150px.jpg
83,tgm003413,Antelope ruins showing prehistoric decorations,Dwellings,https://www.loc.gov/pictures/item/90710177/,https://tile.loc.gov/storage-services/service/pnp/cph/3c00000/3c01000/3c01100/3c01176r.jpg
84,tgm003413,"Sketchbook of travel sketches including architectural subjects and details in France and England, and architectural sketches in New York and New Jersey",Dwellings,https://www.loc.gov/pictures/item/ade1997000453/,https://tile.loc.gov/storage-services/service/pnp/ade/2a05000/2a05100/2a05133_150px.jpg
85,tgm003413,"Alabama, Florida, and Georgia architecture",Dwellings,https://www.loc.gov/pictures/item/88705332/,https://tile.loc.gov/storage-services/service/pnp/cph/3c10000/3c16000/3c16200/3c16240_150px.jpg
86,tgm003413,"Summer residence of Pres. Wm. H. Taft at Beverly, Mass.",Dwellings,https://www.loc.gov/pictures/item/2007660985/,https://tile.loc.gov/storage-services/service/pnp/pan/6a13000/6a13300/6a13396r.jpg
87,tgm003413,"Summer residence of Pres. Wm. H. Taft at Beverly, Mass.",Dwellings,https://www.loc.gov/pictures/item/2007661012/,https://tile.loc.gov/storage-services/service/pnp/pan/6a06000/6a06000/6a06043r.jpg
88,tgm003413,"Ruins of cliff dwellings, Colorado",Dwellings,https://www.loc.gov/pictures/item/2007661997/,https://tile.loc.gov/storage-services/service/pnp/pan/6a02000/6a02800/6a02841r.jpg
89,tgm003413,Natives of Nevada,Dwellings,https://www.loc.gov/pictures/item/2012646815/,https://tile.loc.gov/storage-services/service/pnp/cph/3a40000/3a41000/3a41700/3a41774r.jpg
90,tgm003413,"Typical native hut, Carib Indian in doorway, Nicaragua",Dwellings,https://www.loc.gov/pictures/item/89714787/,https://tile.loc.gov/storage-services/service/pnp/cph/3b40000/3b44000/3b44100/3b44176_150px.jpg
91,tgm003413,Camp of the Root Diggers--Yakima,Dwellings,https://www.loc.gov/pictures/item/90708837/,https://tile.loc.gov/storage-services/service/pnp/cph/3b40000/3b45000/3b45800/3b45833r.jpg
92,tgm003413,A holiday lodge--Yakima,Dwellings,https://www.loc.gov/pictures/item/90708843/,https://tile.loc.gov/storage-services/service/pnp/cph/3b40000/3b45000/3b45800/3b45837r.jpg
93,tgm003413,Mat lodge--Yakima,Dwellings,https://www.loc.gov/pictures/item/90708846/,https://tile.loc.gov/storage-services/service/pnp/cph/3b40000/3b45000/3b45800/3b45839r.jpg
94,tgm003413,[Apache Wickiup(?)],Dwellings,https://www.loc.gov/pictures/item/90710167/,https://tile.loc.gov/storage-services/service/pnp/cph/3c00000/3c01000/3c01100/3c01173r.jpg
95,tgm003413,[Lodge of the Horn Society [B]--Blood],Dwellings,https://www.loc.gov/pictures/item/90710192/,https://tile.loc.gov/storage-services/service/pnp/cph/3c00000/3c01000/3c01100/3c01190r.jpg
96,tgm003413,[The terraced houses of Zuni],Dwellings,https://www.loc.gov/pictures/item/90715428/,https://tile.loc.gov/storage-services/service/pnp/cph/3c00000/3c02000/3c02000/3c02038r.jpg
97,tgm003413,[Dine Tsosi's hogan],Dwellings,https://www.loc.gov/pictures/item/90715670/,https://tile.loc.gov/storage-services/service/pnp/cph/3c00000/3c02000/3c02000/3c02097r.jpg
98,tgm003413,"An old Hopi house, Walpi, Ariz.",Dwellings,https://www.loc.gov/pictures/item/91705063/,https://tile.loc.gov/storage-services/service/pnp/cph/3c00000/3c02000/3c02100/3c02176r.jpg
99,tgm003413,A Zuni doorway,Dwellings,https://www.loc.gov/pictures/item/91705079/,https://tile.loc.gov/storage-services/service/pnp/cph/3c00000/3c02000/3c02100/3c02184r.jpg
100,tgm003413,"La Casa Blanca, Canyon de Chelley [i.e., Chelly]",Dwellings,https://www.loc.gov/pictures/item/91787377/,https://tile.loc.gov/storage-services/service/pnp/cph/3b40000/3b42000/3b42000/3b42004_150px.jpg
101,tgm003413,Alaska - Yukon boundary,Dwellings,https://www.loc.gov/pictures/item/99614340/,https://tile.loc.gov/storage-services/service/pnp/ppmsc/01600/01615r.jpg
102,tgm005373,"Front Avenue Industrial District, Front Avenue between Eighth & Fourteenth Streets, Columbus, Muscogee County, GA",Industry,https://www.loc.gov/pictures/item/ga0260/,https://tile.loc.gov/storage-services/service/pnp/habshaer/ga/ga0200/ga0260/sheet/00001r.jpg
103,tgm005373,"Slater Mill, Pawtucket, Providence County, RI",Industry,https://www.loc.gov/pictures/item/ri0102/,https://tile.loc.gov/storage-services/service/pnp/habshaer/ri/ri0100/ri0102/color/570690cr.jpg
104,tgm005373,"Columbus Iron Works, Front Avenue between Eighth & Tenth Streets, Columbus, Muscogee County, GA",Industry,https://www.loc.gov/pictures/item/ga0257/,https://tile.loc.gov/storage-services/service/pnp/habshaer/ga/ga0200/ga0257/photos/054100pr.jpg
105,tgm005373,"Richmond Hill Plantation, East of Richmond Hill on Ford Neck Road, Richmond Hill, Bryan County, GA",Industry,https://www.loc.gov/pictures/item/ga0901/,https://tile.loc.gov/storage-services/service/pnp/habshaer/ga/ga0900/ga0901/photos/208607pr.jpg
106,tgm005373,"Lowell Canal System, Merrimack & Concord Rivers, Lowell, Middlesex County, MA",Industry,https://www.loc.gov/pictures/item/ma0543/,https://tile.loc.gov/storage-services/service/pnp/habshaer/ma/ma0500/ma0543/photos/080727pr.jpg
107,tgm005373,"Detroit Arsenal, 6501 East Eleven Mile Road, Warren, Macomb County, MI",Industry,https://www.loc.gov/pictures/item/mi0170/,https://tile.loc.gov/storage-services/service/pnp/habshaer/mi/mi0100/mi0170/photos/089359pr.jpg
108,tgm005373,The trailer era,Industry,https://www.loc.gov/pictures/item/2010635607/,https://tile.loc.gov/storage-services/service/pnp/hlb/00100/00118_150px.jpg
109,tgm005373,"""But notice -- not one of them in the Lincoln Bedroom""",Industry,https://www.loc.gov/pictures/item/2012644344/,https://tile.loc.gov/storage-services/service/pnp/hlb/14000/14074_150px.jpg
110,tgm005373,"Sainsevain Property, 14804 Summit Avenue, Fontana, San Bernardino County, CA",Industry,https://www.loc.gov/pictures/item/ca2251/,https://tile.loc.gov/storage-services/service/pnp/habshaer/ca/ca2200/ca2251/photos/182830pr.jpg
111,tgm005373,"Noxontown Mill, Noxontown Road (County Road 38), Middletown, New Castle County, DE",Industry,https://www.loc.gov/pictures/item/de0065/,https://tile.loc.gov/storage-services/service/pnp/habshaer/de/de0000/de0065/photos/031462pr.jpg
112,tgm005373,"Rock Island Arsenal, Rock Island, Rock Island County, IL",Industry,https://www.loc.gov/pictures/item/il0278/,https://tile.loc.gov/storage-services/service/pnp/habshaer/il/il0200/il0278/photos/063535pr.jpg
113,tgm009630,"Architectural drawings for original construction of and alterations to a cleaning establishment for the National Association of Dyers & Cleaners, Brookville Pike and Falkland Drive, Silver Spring, Maryland",Silver,https://www.loc.gov/pictures/item/95858776/,https://tile.loc.gov/storage-services/service/pnp/cph/3c30000/3c35000/3c35500/3c35527_150px.jpg
114,tgm009630,"May Day festivities, Forest Glen, Md.",Silver,https://www.loc.gov/pictures/item/93503491/,https://tile.loc.gov/storage-services/service/pnp/cph/3c00000/3c07000/3c07000/3c07014r.jpg
115,tgm009630,"May Day festivities, Forest Glen, Md.",Silver,https://www.loc.gov/pictures/item/93503494/,https://tile.loc.gov/storage-services/service/pnp/cph/3c00000/3c07000/3c07000/3c07015r.jpg
116,tgm009630,"[May Day festivities at Forest Glen, Md.]",Silver,https://www.loc.gov/pictures/item/93505870/,https://tile.loc.gov/storage-services/service/pnp/cph/3c00000/3c07000/3c07700/3c07721r.jpg
117,tgm009630,"[Steamboat approaching dock, view from the Morgan house, Silver Springs, Florida]",Silver,https://www.loc.gov/pictures/item/97502194/,https://tile.loc.gov/storage-services/service/pnp/ppmsca/09500/09548r.jpg
118,tgm009630,"Architectural drawing showing religious architectural elements (""miscellaneous details"") for a church and convent building, St. John the Evangelist Parish, 10201 Georgia Avenue, Silver Spring, Montgomery County, Maryland",Silver,https://www.loc.gov/pictures/item/95860922/,https://tile.loc.gov/storage-services/service/pnp/ds/06400/06468_150px.jpg
119,tgm009630,"Architectural drawings for an automobile dealership (""Calvert Motors""), Silver Spring, Maryland",Silver,https://www.loc.gov/pictures/item/95860917/,https://tile.loc.gov/storage-services/service/pnp/cph/3c20000/3c21000/3c21200/3c21272_150px.jpg
120,tgm009630,"Silver Spring[s], Florida, moonlight",Silver,https://www.loc.gov/pictures/item/2003668188/,https://tile.loc.gov/storage-services/service/pnp/cph/3c30000/3c32000/3c32800/3c32843r.jpg
121,tgm009630,"Silver Spring & Silver Spring Run, Fla.",Silver,https://www.loc.gov/pictures/item/2005693048/,https://tile.loc.gov/storage-services/service/pnp/ppmsca/09900/09917r.jpg
122,tgm009630,"[Base ball park, Silver Lake, Ohio, 1905]",Silver,https://www.loc.gov/pictures/item/2007663788/,https://tile.loc.gov/storage-services/service/pnp/pan/6a29000/6a29600/6a29686r.jpg
123,tgm004493,Sketches of the North-land : The Yukon Territory nine years after the discovery of gold,Gelatin,https://www.loc.gov/pictures/item/2010650078/,https://tile.loc.gov/storage-services/service/pnp/cph/3g10000/3g14000/3g14600/3g14694_150px.jpg
124,tgm004493,"Civil rights activities and personalities during the Kennedy administratiion, 1961-1963",Gelatin,https://www.loc.gov/pictures/item/2004668967/,https://tile.loc.gov/storage-services/service/pnp/cph/3c10000/3c10000/3c10900/3c10971_150px.jpg
125,tgm004493,Educational views of flowers,Gelatin,https://www.loc.gov/pictures/item/2006678597/,https://tile.loc.gov/storage-services/service/pnp/ppmsca/12600/12623_150px.jpg
126,tgm004493,"[Woman and child, Chile, 1967]",Gelatin,https://www.loc.gov/pictures/item/00649527/,https://tile.loc.gov/storage-services/service/pnp/cph/3c20000/3c23000/3c23000/3c23057_150px.jpg
127,tgm004493,"[Lower West Side, Buffalo, N.Y. Chino and baby. Puerto-Rican Americans]",Gelatin,https://www.loc.gov/pictures/item/00649528/,https://tile.loc.gov/storage-services/service/pnp/ppmsca/09900/09910_150px.jpg
128,tgm004493,"[Black fighter pilot series: ""Escape kits"" (cyanide) being distributed to fighter pilots at air base in southern Italy, 1945]",Gelatin,https://www.loc.gov/pictures/item/00649764/,https://tile.loc.gov/storage-services/service/pnp/ppmsca/09500/09549r.jpg
129,tgm004493,Visual materials from the Roy Wilkins papers,Gelatin,https://www.loc.gov/pictures/item/00650018/,https://tile.loc.gov/storage-services/service/pnp/ppmsca/38400/38425_150px.jpg
130,tgm004493,Indian foot ball teams,Gelatin,https://www.loc.gov/pictures/item/00650437/,https://tile.loc.gov/storage-services/service/pnp/cph/3c20000/3c25000/3c25000/3c25089r.jpg
131,tgm004493,"[Sierra Nevada, winter evening, from the Owens Valley]",Gelatin,https://www.loc.gov/pictures/item/00650438/,https://tile.loc.gov/storage-services/service/pnp/cph/3c20000/3c20000/3c20600/3c20637_150px.jpg
132,tgm004493,"Levee mile 14, below Helena, Ark., April 27, 1927 - Helena gage 56.7",Gelatin,https://www.loc.gov/pictures/item/00650443/,https://tile.loc.gov/storage-services/service/pnp/cph/3c20000/3c24000/3c24900/3c24988_150px.jpg
133,tgm004493,"Six miles W. of Elaine, Ark.",Gelatin,https://www.loc.gov/pictures/item/00650444/,https://tile.loc.gov/storage-services/service/pnp/cph/3c20000/3c24000/3c24900/3c24989_150px.jpg
134,tgm004493,"Miss. River, Whitehall, Ark., levee break",Gelatin,https://www.loc.gov/pictures/item/00650447/,https://tile.loc.gov/storage-services/service/pnp/cph/3c20000/3c24000/3c24900/3c24986_150px.jpg
135,tgm004493,"St. Francis Rivers, near Tulot, Ark., April 18, 1927",Gelatin,https://www.loc.gov/pictures/item/00650448/,https://tile.loc.gov/storage-services/service/pnp/cph/3c20000/3c24000/3c24900/3c24991_150px.jpg
136,tgm004493,"Helena, Ark., loading refugees & stocks",Gelatin,https://www.loc.gov/pictures/item/00650453/,https://tile.loc.gov/storage-services/service/pnp/cph/3c20000/3c25000/3c25600/3c25631_150px.jpg
137,tgm004493,[Civil rights activists occupying a lunchroom counter during a sit-in],Gelatin,https://www.loc.gov/pictures/item/00650615/,https://tile.loc.gov/storage-services/service/pnp/ppmsca/24300/24330_150px.jpg
138,tgm004493,Northern California coast redwoods,Gelatin,https://www.loc.gov/pictures/item/00650624/,https://tile.loc.gov/storage-services/service/pnp/cph/3c20000/3c20000/3c20800/3c20871_150px.jpg
139,tgm004493,[John Lewis and others pray during demonstration],Gelatin,https://www.loc.gov/pictures/item/00651155/,https://tile.loc.gov/storage-services/service/pnp/ppmsca/08000/08099_150px.jpg
140,tgm004493,"[Indian agent John P. Clum with Diablo and Eskiminzim, at San Carlos Agency]",Gelatin,https://www.loc.gov/pictures/item/00651199/,https://tile.loc.gov/storage-services/service/pnp/cph/3g00000/3g07000/3g07900/3g07938_150px.jpg
141,tgm011765,"Individual portraits, mainly of executive board members and officers of the National Women's Trade Union League",Women,https://www.loc.gov/pictures/item/2004668728/,https://tile.loc.gov/storage-services/service/pnp/cph/3c20000/3c21000/3c21700/3c21715_150px.jpg
142,tgm011765,"Group portraits of delegates to three international congresses of working women, 1919-1923",Women,https://www.loc.gov/pictures/item/2004668730/,https://tile.loc.gov/storage-services/service/pnp/cph/3b40000/3b46000/3b46600/3b46675_150px.jpg
143,tgm011765,Group portraits made at various meetings attended by members of the National Women's Trade Union League,Women,https://www.loc.gov/pictures/item/2004668729/,https://tile.loc.gov/storage-services/service/pnp/cph/3b10000/3b15000/3b15900/3b15946_150px.jpg
144,tgm011765,"Panoramic group portraits, mainly of delegates to various labor conventions, hearings, and meetings",Women,https://www.loc.gov/pictures/item/2004668732/,https://tile.loc.gov/storage-services/service/pnp/pan/6a34000/6a34900/6a34983_150px.jpg
145,tgm011765,Miscellaneous pictorial material relating to working women and the National Women's Trade Union League,Women,https://www.loc.gov/pictures/item/2004668731/,https://tile.loc.gov/storage-services/service/pnp/cph/3b20000/3b23000/3b23500/3b23513_150px.jpg
146,tgm011765,People and activities of the National Woman's Party,Women,https://www.loc.gov/pictures/item/2001696351/,https://tile.loc.gov/storage-services/service/pnp/cph/3c00000/3c02000/3c02500/3c02542_150px.jpg
147,tgm011765,"French, German, Belgian, Polish, Czech, British, and Italian delegates to the First International Congress of Working Women, Washington, D.C.",Women,https://www.loc.gov/pictures/item/93516360/,https://tile.loc.gov/storage-services/service/pnp/cph/3b40000/3b46000/3b46600/3b46675_150px.jpg
148,tgm011765,Miyamōde,Women,https://www.loc.gov/pictures/item/2008660093/,https://tile.loc.gov/storage-services/service/pnp/jpd/00800/00806r.jpg
149,tgm011765,"Delegates and visitors to the 1st International Congress of Working Women, guests of Federal Employees Union No. 2, Washington, D.C., at Mount Vernon, Nov. 3, 1919",Women,https://www.loc.gov/pictures/item/93516439/,https://tile.loc.gov/storage-services/service/pnp/cph/3b30000/3b39000/3b39000/3b39079_150px.jpg
150,tgm011765,International Women's Year rally at Union Sq. NYC for pregnancy benefits,Women,https://www.loc.gov/pictures/item/2013650073/,https://tile.loc.gov/storage-services/service/pnp/ds/04400/04463_150px.jpg
151,tgm011765,Concerning the American girl,Women,https://www.loc.gov/pictures/item/2010652335/,https://tile.loc.gov/storage-services/service/pnp/ppmsca/25800/25811r.jpg
152,tgm011765,"A look ahead; - but not so very far ahead, either!",Women,https://www.loc.gov/pictures/item/2012647463/,https://tile.loc.gov/storage-services/service/pnp/ppmsca/28600/28672r.jpg
153,tgm011765,Signing the declaration of their independence,Women,https://www.loc.gov/pictures/item/2011645976/,https://tile.loc.gov/storage-services/service/pnp/ppmsca/31100/31147r.jpg
154,tgm011765,"""Come to Mother""",Women,https://www.loc.gov/pictures/item/2020633547/,https://tile.loc.gov/storage-services/service/pnp/ppmsca/69000/69097r.jpg
155,tgm011765,Our hat is in the ring,Women,https://www.loc.gov/pictures/item/2020635505/,https://tile.loc.gov/storage-services/service/pnp/ppmsca/69100/69105r.jpg
156,tgm011765,"""The Last Trench""",Women,https://www.loc.gov/pictures/item/2020632295/,https://tile.loc.gov/storage-services/service/pnp/ppmsca/70900/70918r.jpg
157,tgm011765,Visual materials from the National Woman's Party records,Women,https://www.loc.gov/pictures/item/2001696350/,https://tile.loc.gov/storage-services/service/pnp/ppmsca/38400/38428_150px.jpg
158,tgm010824,"Broadway at Flushing Ave., Brooklyn",Time,https://www.loc.gov/pictures/item/2020632917/,https://tile.loc.gov/storage-services/service/pnp/vrg/13200/13270r.jpg
159,tgm010824,"Broadway at Flushing Ave., Brooklyn",Time,https://www.loc.gov/pictures/item/2020632918/,https://tile.loc.gov/storage-services/service/pnp/vrg/13200/13271r.jpg
160,tgm010824,"Crowds at the intersection of E. 149th St. and Third Ave., Bronx",Time,https://www.loc.gov/pictures/item/2020632995/,https://tile.loc.gov/storage-services/service/pnp/vrg/13300/13348r.jpg
161,tgm010824,"View south along Griswold St. from Grand River Ave., Detroit, 2013",Time,https://www.loc.gov/pictures/item/2020701122/,https://tile.loc.gov/storage-services/service/pnp/vrg/08300/08300r.jpg
162,tgm010824,"Turner St. and Cecil B. Moore Ave. at Hope St., Philadelphia, 2016",Time,https://www.loc.gov/pictures/item/2020701618/,https://tile.loc.gov/storage-services/service/pnp/vrg/08800/08844r.jpg
163,tgm010824,"Greater True Friendship Baptist Church ""Where Christ is Our Teacher and the Word of God is Taken Seriously."" 1843 W. Vernon Ave., Los Angeles, 2002",Time,https://www.loc.gov/pictures/item/2020703825/,https://tile.loc.gov/storage-services/service/pnp/vrg/11000/11093r.jpg
164,tgm010824,"Security MBC, 3857 S. Western Ave., Los Angeles, 2019",Time,https://www.loc.gov/pictures/item/2020705149/,https://tile.loc.gov/storage-services/service/pnp/vrg/12600/12673r.jpg
165,tgm010824,"Greater True Friendship Baptist Church, 1843 W. Vernon Ave., Los Angeles, 2002",Time,https://www.loc.gov/pictures/item/2020705614/,https://tile.loc.gov/storage-services/service/pnp/vrg/13000/13009r.jpg
166,tgm010824,"65 East 125th St., Harlem, 1980",Time,https://www.loc.gov/pictures/item/2014648504/,https://tile.loc.gov/storage-services/service/pnp/vrg/00000/00005r.jpg
167,tgm010824,"65 East 125th St., Harlem, 2001",Time,https://www.loc.gov/pictures/item/2014648513/,https://tile.loc.gov/storage-services/service/pnp/vrg/00000/00014r.jpg
168,tgm010824,"65 East 125th St., Harlem, 2009",Time,https://www.loc.gov/pictures/item/2014648516/,https://tile.loc.gov/storage-services/service/pnp/vrg/00000/00017r.jpg
169,tgm010824,"3339 Third Ave., South Bronx, 1994",Time,https://www.loc.gov/pictures/item/2014648550/,https://tile.loc.gov/storage-services/service/pnp/vrg/00000/00051r.jpg
170,tgm010824,"3339 Third Ave., South Bronx 2003",Time,https://www.loc.gov/pictures/item/2014648551/,https://tile.loc.gov/storage-services/service/pnp/vrg/00000/00052r.jpg
171,tgm010824,"3339 Third Ave., South Bronx, 2006",Time,https://www.loc.gov/pictures/item/2014648552/,https://tile.loc.gov/storage-services/service/pnp/vrg/00000/00053r.jpg
172,tgm010824,"Prospect Ave. at E. 149th St., South Bronx, 1992",Time,https://www.loc.gov/pictures/item/2014648556/,https://tile.loc.gov/storage-services/service/pnp/vrg/00000/00057r.jpg
173,tgm010824,"Prospect Ave. at E. 149th St., South Bronx, 1994",Time,https://www.loc.gov/pictures/item/2014648557/,https://tile.loc.gov/storage-services/service/pnp/vrg/00000/00058r.jpg
174,tgm010824,"Prospect Ave. at E. 149th St., South Bronx, 2004",Time,https://www.loc.gov/pictures/item/2014648558/,https://tile.loc.gov/storage-services/service/pnp/vrg/00000/00059r.jpg
175,tgm010824,"487 Willis Ave. at 147th St., Bronx, 1992",Time,https://www.loc.gov/pictures/item/2014648563/,https://tile.loc.gov/storage-services/service/pnp/vrg/00000/00064r.jpg
176,tgm010824,"View west along Fern St. from# 937, Camden, 1992",Time,https://www.loc.gov/pictures/item/2014648570/,https://tile.loc.gov/storage-services/service/pnp/vrg/00000/00071r.jpg
177,tgm010824,"View west along Fern St. from #937, Camden, 1994",Time,https://www.loc.gov/pictures/item/2014648571/,https://tile.loc.gov/storage-services/service/pnp/vrg/00000/00072r.jpg
178,tgm007607,"Lawrence Swiney [i.e. Swinyer], veteran of 1812 Eight sons of Lawrence Swiney [i.e. Swinyer] of Starksboro, Vt., in the Union army during the war of the rebellion 1861 to 1865 /",People,https://www.loc.gov/pictures/item/2017658735/,https://tile.loc.gov/storage-services/service/pnp/ppmsca/53400/53423r.jpg
179,tgm007607,"NAACP photographs of administrative meetings, office social gatherings, and facilities",People,https://www.loc.gov/pictures/item/95514683/,https://tile.loc.gov/storage-services/service/pnp/cph/3c30000/3c31000/3c31000/3c31067_150px.jpg
180,tgm007607,"NAACP photographs of branch meetings, fundraising activities, officers and members",People,https://www.loc.gov/pictures/item/95514446/,https://tile.loc.gov/storage-services/service/pnp/cph/3c20000/3c28000/3c28000/3c28070_150px.jpg
181,tgm007607,Baseball team portraits between 1882 and 1907,People,https://www.loc.gov/pictures/item/2008678969/,https://tile.loc.gov/storage-services/service/pnp/ppmsca/18700/18777_150px.jpg
182,tgm007607,"President to meet ""March"" leaders",People,https://www.loc.gov/pictures/item/2003671270/,https://tile.loc.gov/storage-services/service/pnp/cph/3c30000/3c33000/3c33300/3c33370_150px.jpg
183,tgm007607,"Bishop Alexander Walters, president of National Afro-American Council and member of NAACP, head-and-shoulders portrait, facing right]",People,https://www.loc.gov/pictures/item/2009633551/,https://tile.loc.gov/storage-services/service/pnp/ppmsca/23800/23829_150px.jpg
184,tgm007607,"[Sergeant Cornelius V. Moore of Company B, 100th New York Volunteers, a sergeant of 39th Illinois Regiment, a corporal of 106th New York Volunteers, and a private of the 11th Vermont Regiment holding bayoneted musket]",People,https://www.loc.gov/pictures/item/2011647756/,https://tile.loc.gov/storage-services/service/pnp/ppmsca/31200/31226r.jpg
185,tgm007607,[Letter from Cornelius V. Moore to Secretary of War Edwin M. Stanton asking for discharge],People,https://www.loc.gov/pictures/item/2012648286/,https://tile.loc.gov/storage-services/service/pnp/ppmsca/33700/33798r.jpg
186,tgm007607,[Letter from Cornelius V. Moore to Henry Moore],People,https://www.loc.gov/pictures/item/2012648287/,https://tile.loc.gov/storage-services/service/pnp/ppmsca/33800/33800r.jpg
187,tgm007607,"[Envelope from Cornelius V. Moore to Henry A. Moore, 191 West Street, New York City, N.Y., care of Mr. Geo. Gwyer, postmarked Richmond, Virginia]",People,https://www.loc.gov/pictures/item/2012648288/,https://tile.loc.gov/storage-services/service/pnp/ppmsca/33800/33801r.jpg
188,tgm007607,"[Certificate to discharge Cornelius V. Moore from Company B, 100th New York Volunteers]",People,https://www.loc.gov/pictures/item/2012648289/,https://tile.loc.gov/storage-services/service/pnp/ppmsca/33800/33802r.jpg
189,tgm007607,"[Sergeant Cornelius V. Moore of Company B, 100th New York Volunteers, a sergeant of 39th Illinois Regiment, a corporal of 106th New York Volunteers, and a private of the 11th Vermont Regiment in camp scene poses in front of painted backdrop showing military camp]",People,https://www.loc.gov/pictures/item/2010650794/,https://tile.loc.gov/storage-services/service/pnp/ppmsca/30500/30571r.jpg
190,tgm007607,"Group of Union officers who escaped from Confed. prison at Columbia, S.C., in the fall of '64 also three guides procured in the mountains of Tennessee No. 1. Capt. M.M. Bassett, Co. E 53rd Ills. Inf. No. 7. Capt. T.P. Young & A.S. Stewart, 4th Kty. who with six others attempted to escape by running the guard at two o'clock a.m. Nov. 10th 1864. The other 6 were recaptured & killed. No. 2. Col. W.S. Marshall. No. 3. Capt. Dobbs. No. 4. Fowler. No. 5. M. Hoffman. No. 6. Page. No. 9 Jno. McAdams. Nos. 10, 11, & 12 guides.",People,https://www.loc.gov/pictures/item/2013649089/,https://tile.loc.gov/storage-services/service/pnp/ppmsca/35600/35633r.jpg
191,tgm007607,"[Captain Silas W. Pettit of 15th and 16th Regular Army Infantry Regiment, Co. F, 196th and Co. and C, 213th Pennsylvania Infantry Regiment in uniform with sword]",People,https://www.loc.gov/pictures/item/2018651861/,https://tile.loc.gov/storage-services/service/pnp/ppmsca/56300/56397r.jpg
192,tgm007607,"[Lieutenant Daniel Giraud Wright of Co. H, 1st Maryland Infantry Regiment, Co. B, 21st Virginia Infantry Regiment, Co. B, 1st Virginia Infantry Battalion, and 43rd Virginia Cavalry Battalion in uniform]",People,https://www.loc.gov/pictures/item/2018652949/,https://tile.loc.gov/storage-services/service/pnp/ppmsca/57000/57084r.jpg
193,tgm007607,All enmity forgotten,People,https://www.loc.gov/pictures/item/2019631459/,https://tile.loc.gov/storage-services/service/pnp/ppmsca/58100/58170r.jpg
194,tgm007607,Meeting of the Blue and the Grey,People,https://www.loc.gov/pictures/item/2019631461/,https://tile.loc.gov/storage-services/service/pnp/ppmsca/58100/58174r.jpg
195,tgm002053,"Architectural drawings of buildings designed by Bulfinch, and others, including comparative studies of his churches and those of his contemporaries in America and their predecessors in England",Churches,https://www.loc.gov/pictures/item/97507245/,https://tile.loc.gov/storage-services/service/pnp/cph/3b50000/3b51000/3b51800/3b51877_150px.jpg
196,tgm002053,"The St. Sava Serbian Orthodox Cathedral in Milwaukee, Wisconsin",Churches,https://www.loc.gov/pictures/item/2016631094/,https://tile.loc.gov/storage-services/service/pnp/highsm/40200/40276r.jpg
197,tgm002053,"Albert's Chapel, an unusual octagonal Methodist church located near the settlement of Sand Ridge, West Virginia",Churches,https://www.loc.gov/pictures/item/2015631756/,https://tile.loc.gov/storage-services/service/pnp/highsm/31600/31681r.jpg
198,tgm002053,"Zion Presbyterian Church in tiny Helvetia, once a Swiss colony in Randolph County, West Virginia",Churches,https://www.loc.gov/pictures/item/2015634434/,https://tile.loc.gov/storage-services/service/pnp/highsm/34400/34418r.jpg
199,tgm002053,"The brown-sandstone, 1907 Richardsonian Romanesque-style Simpson United Methodist (originally Methodist Episcopal) Church in Moundsville, West Virginia",Churches,https://www.loc.gov/pictures/item/2015632118/,https://tile.loc.gov/storage-services/service/pnp/highsm/32000/32043r.jpg
200,tgm002053,"The Palisade United Methodist Church in Palisade, an agricultural town in Mesa County, Colorado",Churches,https://www.loc.gov/pictures/item/2017685236/,https://tile.loc.gov/storage-services/service/pnp/highsm/34700/34753r.jpg
201,tgm002053,"The small, storefront Soloe French SDA, or Seventh-Day Adventist, church is squeezed among a series of small businesses in the New York City borough, or county-like jurisdiction, of Queens",Churches,https://www.loc.gov/pictures/item/2018701165/,https://tile.loc.gov/storage-services/service/pnp/highsm/53000/53089r.jpg
202,tgm002053,"Sunday service at Saint Martin's Spiritual Church, Utica Ave. at Prospect Pl., Brooklyn, 2002",Churches,https://www.loc.gov/pictures/item/2014648901/,https://tile.loc.gov/storage-services/service/pnp/vrg/00200/00270r.jpg
203,tgm002053,"Beehive Church, Franklin & Saint Michael Streets, Mobile, Mobile County, AL",Churches,https://www.loc.gov/pictures/item/al0454/,https://tile.loc.gov/storage-services/service/pnp/habshaer/al/al0400/al0454/photos/004776pr.jpg
204,tgm002053,"Avon Congregational Church, 6 West Main Street, Avon, Hartford County, CT",Churches,https://www.loc.gov/pictures/item/ct0736/,https://tile.loc.gov/storage-services/service/pnp/habshaer/ct/ct0700/ct0736/sheet/00001r.jpg
205,tgm002053,"Pullman Greenstone Church, 11211 South St. Lawrence Avenue, Chicago, Cook County, IL",Churches,https://www.loc.gov/pictures/item/il0939/,https://tile.loc.gov/storage-services/service/pnp/habshaer/il/il0900/il0939/sheet/00001r.jpg
206,tgm002053,"Methodist Episcopal & Freehold Presbyterian Church, Charleston Road, Charlton, Saratoga, NY",Churches,https://www.loc.gov/pictures/item/ny0689/,https://tile.loc.gov/storage-services/service/pnp/habshaer/ny/ny0600/ny0689/photos/122781pr.jpg
207,tgm002053,"Church of the Advocate, Northwest corner of Eighteenth & Diamond Streets, Philadelphia, Philadelphia County, PA",Churches,https://www.loc.gov/pictures/item/pa3865/,https://tile.loc.gov/storage-services/service/pnp/habshaer/pa/pa3800/pa3865/color/362638cr.jpg
208,tgm002053,"Pon Pon Chapel of Ease, Parker's Ferry Road, 1 mile from South Carolina Highway 64, Jacksonboro, Colleton County, SC",Churches,https://www.loc.gov/pictures/item/sc1204/,https://tile.loc.gov/storage-services/service/pnp/habshaer/sc/sc1200/sc1204/sheet/00001r.jpg
209,tgm002053,"1722 55th St., Oakland, CA, 2006",Churches,https://www.loc.gov/pictures/item/2014648913/,https://tile.loc.gov/storage-services/service/pnp/vrg/00200/00283r.jpg
210,tgm002053,"Mt. Lebanon Missionary Baptist Church, South Western Ave. between 96th and 97th Streets, Los Angeles, 2014",Churches,https://www.loc.gov/pictures/item/2014649423/,https://tile.loc.gov/storage-services/service/pnp/vrg/00300/00387r.jpg
211,tgm002053,"St. Francis of Assisi, view east from Hammond St. at Buchanan St., Detroit, 2009",Churches,https://www.loc.gov/pictures/item/2014648706/,https://tile.loc.gov/storage-services/service/pnp/vrg/00200/00272r.jpg
212,tgm001966,Scenes of interracial relations,Children,https://www.loc.gov/pictures/item/95518866/,https://tile.loc.gov/storage-services/service/pnp/cph/3a30000/3a35000/3a35700/3a35784_150px.jpg
213,tgm001966,"[African American schoolgirls in classroom, learning to sew]",Children,https://www.loc.gov/pictures/item/2001699118/,https://tile.loc.gov/storage-services/service/pnp/cph/3a20000/3a27000/3a27100/3a27178r.jpg
214,tgm001966,Maricopa child,Children,https://www.loc.gov/pictures/item/00649912/,https://tile.loc.gov/storage-services/service/pnp/cph/3c20000/3c23000/3c23300/3c23311r.jpg
215,tgm001966,"[School children learning a dance in a school yard, Washington, D.C.]",Children,https://www.loc.gov/pictures/item/2001699116/,https://tile.loc.gov/storage-services/service/pnp/cph/3a10000/3a11000/3a11200/3a11201r.jpg
216,tgm001966,[African American school children at work on a craft project],Children,https://www.loc.gov/pictures/item/2001699121/,https://tile.loc.gov/storage-services/service/pnp/cph/3a30000/3a30000/3a30600/3a30668r.jpg
217,tgm001966,"Making friends with the sea--These orphan children at Marathon, Greece, were brought from the interior of Asia Minor by the Near East Relief and never saw the sea before",Children,https://www.loc.gov/pictures/item/2002695431/,https://tile.loc.gov/storage-services/service/pnp/cph/3c30000/3c30000/3c30700/3c30734r.jpg
218,tgm001966,American flour sacks serve a double purpose among the Armenians and the Syrians in time of distress,Children,https://www.loc.gov/pictures/item/2002695443/,https://tile.loc.gov/storage-services/service/pnp/cph/3c30000/3c30000/3c30700/3c30739r.jpg
219,tgm001966,"The health of the child is the power of the nation Children's year, April 1918 - April 1919 /",Children,https://www.loc.gov/pictures/item/2002719770/,https://tile.loc.gov/storage-services/service/pnp/cph/3g00000/3g09000/3g09800/3g09867r.jpg
220,tgm001966,Moki melon eaters [D],Children,https://www.loc.gov/pictures/item/2003652742/,https://tile.loc.gov/storage-services/service/pnp/cph/3a40000/3a48000/3a48500/3a48518r.jpg
221,tgm001966,Child trafficking is a $10 billion a year worldwide industry,Children,https://www.loc.gov/pictures/item/2004669951/,https://tile.loc.gov/storage-services/service/pnp/ppmsca/05500/05506_150px.jpg
222,tgm001966,"Greek and Armenian refugee children in barracks near Athens. Greece received 1,000,000 refugees or one to each family in the country A refugee city that was built by Greek Americans. A model of cleanliness and order.",Children,https://www.loc.gov/pictures/item/2011660807/,https://tile.loc.gov/storage-services/service/pnp/cph/3g10000/3g14000/3g14800/3g14898r.jpg
223,tgm001966,Group [of Puerto Rican children] in C class,Children,https://www.loc.gov/pictures/item/2013646428/,https://tile.loc.gov/storage-services/service/pnp/ds/03900/03980r.jpg
224,tgm001966,I'd rather sleep then eat,Children,https://www.loc.gov/pictures/item/90709750/,https://tile.loc.gov/storage-services/service/pnp/cph/3c00000/3c01000/3c01000/3c01070r.jpg
225,tgm001966,[Inuit Eskimo woman breast-feeding baby],Children,https://www.loc.gov/pictures/item/91794445/,https://tile.loc.gov/storage-services/service/pnp/cph/3c00000/3c04000/3c04300/3c04388r.jpg
226,tgm001966,"""Mickaninies Kow-Kow""",Children,https://www.loc.gov/pictures/item/91794617/,https://tile.loc.gov/storage-services/service/pnp/cph/3c00000/3c04000/3c04300/3c04390r.jpg
227,tgm001966,Eskimo children bathing in Bering Sea,Children,https://www.loc.gov/pictures/item/91794668/,https://tile.loc.gov/storage-services/service/pnp/cph/3c00000/3c04000/3c04300/3c04392r.jpg
228,tgm001966,[Eskimo mother dressed in fur clothing with baby on her back],Children,https://www.loc.gov/pictures/item/91794718/,https://tile.loc.gov/storage-services/service/pnp/cph/3c00000/3c04000/3c04300/3c04397r.jpg
229,tgm001966,The delights of childhood,Children,https://www.loc.gov/pictures/item/94514271/,https://tile.loc.gov/storage-services/service/pnp/cph/3c10000/3c12000/3c12200/3c12224r.jpg
230,tgm001966,Chemehuevi mother and child,Children,https://www.loc.gov/pictures/item/94514446/,https://tile.loc.gov/storage-services/service/pnp/cph/3c10000/3c12000/3c12200/3c12235r.jpg
231,tgm000099,"Peanut and Texas flag art on a peanut factory in Giddings, the seat of Lee County, Texas, east of Austin",Advertising,https://www.loc.gov/pictures/item/2014630929/,https://tile.loc.gov/storage-services/service/pnp/highsm/26700/26729r.jpg
232,tgm000099,"Dr. Pepper beverage advertising sign on a building in downtown Mount Pleasant, Texas",Advertising,https://www.loc.gov/pictures/item/2014630245/,https://tile.loc.gov/storage-services/service/pnp/highsm/26000/26045r.jpg
233,tgm000099,"Dr. Pepper beverage advertising sign on a building in downtown Mount Pleasant, Texas",Advertising,https://www.loc.gov/pictures/item/2014630246/,https://tile.loc.gov/storage-services/service/pnp/highsm/26000/26046r.jpg
234,tgm000099,"Old bread advertising sign in El Paso, Texas",Advertising,https://www.loc.gov/pictures/item/2014630880/,https://tile.loc.gov/storage-services/service/pnp/highsm/26600/26680r.jpg
235,tgm000099,American Indian chiefs. Spotted Tail,Advertising,https://www.loc.gov/pictures/item/93511597/,https://tile.loc.gov/storage-services/service/pnp/cph/3g00000/3g02000/3g02700/3g02742r.jpg
236,tgm000099,Eating chocolate,Advertising,https://www.loc.gov/pictures/item/95519986/,https://tile.loc.gov/storage-services/service/pnp/cph/3b30000/3b38000/3b38800/3b38859r.jpg
237,tgm000099,"Giant pig outside the American Sign Museum in the industrial Camp Washington neighborhood of Cincinnati, Ohio",Advertising,https://www.loc.gov/pictures/item/2016632972/,https://tile.loc.gov/storage-services/service/pnp/highsm/42100/42154r.jpg
238,tgm000099,"Giant pig outside the American Sign Museum in the industrial Camp Washington neighborhood of Cincinnati, Ohio",Advertising,https://www.loc.gov/pictures/item/2016632973/,https://tile.loc.gov/storage-services/service/pnp/highsm/42100/42155r.jpg
239,tgm000099,"Giant roadside advertising figure, currently reclining and awaiting installation, outside the American Sign Museum in the industrial Camp Washington neighborhood of Cincinnati, Ohio",Advertising,https://www.loc.gov/pictures/item/2016632974/,https://tile.loc.gov/storage-services/service/pnp/highsm/42100/42156r.jpg
240,tgm000099,"Forlorn neon advertising sign, a remnant of an abandoned motel awaiting installation, outside the American Sign Museum in the industrial Camp Washington neighborhood of Cincinnati, Ohio",Advertising,https://www.loc.gov/pictures/item/2016632975/,https://tile.loc.gov/storage-services/service/pnp/highsm/42100/42157r.jpg
241,tgm000099,"Elaborate painted sign, one of four completed in three days in 2015 by ""lettermen,"" as artistic sign painters call themselves, who met for a convention in Cincinnati, Ohio, and stopped by the American Sign Museum in the industrial Camp Washington neighborhood to see the museum and demonstrate their trade",Advertising,https://www.loc.gov/pictures/item/2016632977/,https://tile.loc.gov/storage-services/service/pnp/highsm/42100/42159r.jpg
242,tgm000099,"Three of four elaborate painted signs completed in three days in 2015 by ""lettermen,"" as artistic sign painters call themselves, who met for a convention in Cincinnati, Ohio, and stopped by the American Sign Museum in the industrial Camp Washington neighborhood to see the museum and demonstrate their trade",Advertising,https://www.loc.gov/pictures/item/2016632978/,https://tile.loc.gov/storage-services/service/pnp/highsm/42100/42160r.jpg
243,tgm000099,"Two of four elaborate painted signs completed in three days in 2015 by ""lettermen,"" as artistic sign painters call themselves, who met for a convention in Cincinnati, Ohio, and stopped by the American Sign Museum in the industrial Camp Washington neighborhood to see the museum and demonstrate their trade",Advertising,https://www.loc.gov/pictures/item/2016632979/,https://tile.loc.gov/storage-services/service/pnp/highsm/42100/42161r.jpg
244,tgm000099,What good does advertising do?,Advertising,https://www.loc.gov/pictures/item/2015648290/,https://tile.loc.gov/storage-services/service/pnp/yan/1a37000/1a37800/1a37855r.jpg
245,tgm000099,"Certificates, seals, diplomas, cards, &c. done in an approved style by W. Hoogland, historical and portrait engraver, No. 259 Pearl St. New York",Advertising,https://www.loc.gov/pictures/item/2004669655/,https://tile.loc.gov/storage-services/service/pnp/pga/10900/10979r.jpg
246,tgm000099,The new field of labor for the up-to-date divine,Advertising,https://www.loc.gov/pictures/item/2012647669/,https://tile.loc.gov/storage-services/service/pnp/ppmsca/28700/28799r.jpg
247,tgm001333,"Northeast Railroad Corridor, Amtrak Route between New York/Connecticut & Connecticut/Rhode Island State Lines, New Haven, New Haven County, CT",Bridges,https://www.loc.gov/pictures/item/ct0338/,https://tile.loc.gov/storage-services/service/pnp/habshaer/ct/ct0300/ct0338/photos/024035pr.jpg
248,tgm001333,"Long-Allen Bridge, Texas Street Bridge, Spanning the Red River on US 80, Shreveport, Caddo Parish, LA",Bridges,https://www.loc.gov/pictures/item/la0514/,https://tile.loc.gov/storage-services/service/pnp/habshaer/la/la0500/la0514/photos/221394pr.jpg
249,tgm001333,"Meriden Rock Creek Bridge, Spanning Rock Creek, Meriden, Jefferson County, KS",Bridges,https://www.loc.gov/pictures/item/ks0049/,https://tile.loc.gov/storage-services/service/pnp/habshaer/ks/ks0000/ks0049/photos/069624pr.jpg
250,tgm001333,"Harvard Bridge, Spanning Charles River at Massachusetts Avenue, Boston, Suffolk County, MA",Bridges,https://www.loc.gov/pictures/item/ma1293/,https://tile.loc.gov/storage-services/service/pnp/habshaer/ma/ma1200/ma1293/photos/076521pr.jpg
251,tgm001333,"Broadway Bridge, Spanning Cherry Creek on Broadway at Speer Boulveard, Denver, Denver County, CO",Bridges,https://www.loc.gov/pictures/item/co0214/,https://tile.loc.gov/storage-services/service/pnp/habshaer/co/co0200/co0214/photos/020940pr.jpg
252,tgm001333,"Rock Island Arsenal, Rock Island Bridge, Fort Armstrong Avenue, Rock Island, Rock Island County, IL",Bridges,https://www.loc.gov/pictures/item/il0536/,https://tile.loc.gov/storage-services/service/pnp/habshaer/il/il0500/il0536/photos/063959pr.jpg
253,tgm001333,"New York, New Haven & Hartford Railroad, Fort Point Channel Rolling Lift Bridge, Spanning Fort Point Channel, Boston, Suffolk County, MA",Bridges,https://www.loc.gov/pictures/item/ma1232/,https://tile.loc.gov/storage-services/service/pnp/habshaer/ma/ma1200/ma1232/color/572176cr.jpg
254,tgm001333,"Northern Avenue Swing Bridge, Spanning Fort Point Channel at boundary between Boston & South Boston, Boston, Suffolk County, MA",Bridges,https://www.loc.gov/pictures/item/ma1233/,https://tile.loc.gov/storage-services/service/pnp/habshaer/ma/ma1200/ma1233/photos/076634pr.jpg
255,tgm001333,"Henry Hudson Parkway, Extending 11.2 miles from West 72nd Street to Bronx-Westchester border, New York County, NY",Bridges,https://www.loc.gov/pictures/item/ny2021/,https://tile.loc.gov/storage-services/service/pnp/habshaer/ny/ny2000/ny2021/photos/385110pr.jpg
256,tgm001333,"Bridgeport Swing Span Bridge, Spanning Tennessee River, Bridgeport, Jackson County, AL",Bridges,https://www.loc.gov/pictures/item/al0340/,https://tile.loc.gov/storage-services/service/pnp/habshaer/al/al0300/al0340/photos/002799pr.jpg
257,tgm001333,"Springfield-Des Arc Bridge, Spanning North Branch of Cadron Creek at Old Springfield-Des Arc Road (County Road 222), Springfield, Conway County, AR",Bridges,https://www.loc.gov/pictures/item/ar0090/,https://tile.loc.gov/storage-services/service/pnp/habshaer/ar/ar0000/ar0090/photos/009885pr.jpg
258,tgm001333,"Lakeshore Drive Bridge, Spanning Lake No. 3 adjacent branch at Lakeshore Drive, North Little Rock, Pulaski County, AR",Bridges,https://www.loc.gov/pictures/item/ar0110/,https://tile.loc.gov/storage-services/service/pnp/habshaer/ar/ar0100/ar0110/photos/010469pr.jpg
259,tgm001333,"Purdon Crossing Bridge, Nevada City, Nevada County, CA",Bridges,https://www.loc.gov/pictures/item/ca1343/,https://tile.loc.gov/storage-services/service/pnp/habshaer/ca/ca1300/ca1343/photos/013990pr.jpg
260,tgm001333,"Niantic River Swing Bridge, Spanning Niantic River between East Lyme & Waterford, Old Lyme, New London County, CT",Bridges,https://www.loc.gov/pictures/item/ct0385/,https://tile.loc.gov/storage-services/service/pnp/habshaer/ct/ct0300/ct0385/photos/024566pr.jpg
261,tgm001333,"Patch Street Bridge, Spanning Kohanza Brook on Patch Street, Danbury, Fairfield County, CT",Bridges,https://www.loc.gov/pictures/item/ct0415/,https://tile.loc.gov/storage-services/service/pnp/habshaer/ct/ct0400/ct0415/photos/022050pr.jpg
262,tgm001333,"Arlington Memorial Bridge, Spanning Potomac River between Lincoln Memorial & Arlington National Cemetery, Washington, District of Columbia, DC",Bridges,https://www.loc.gov/pictures/item/dc0604/,https://tile.loc.gov/storage-services/service/pnp/habshaer/dc/dc0600/dc0604/color/218220cr.jpg
263,tgm001333,"Augustine Bridge, Brandywine River,Augustine Cutoff, Wilmington, New Castle County, DE",Bridges,https://www.loc.gov/pictures/item/de0145/,https://tile.loc.gov/storage-services/service/pnp/habshaer/de/de0100/de0145/photos/032166pr.jpg
264,tgm007479,"[Photographs, postcards and photomechanical prints from the Rosa Parks papers]",Parks,https://www.loc.gov/pictures/item/2018645069/,https://tile.loc.gov/storage-services/service/pnp/ppmsca/38900/38919_150px.jpg
265,tgm007479,"Farragut Square Ginkgo, 17th Street, Northwest, between I and K streets, West side of Farragut Square, Washington, District of Columbia, DC",Parks,https://www.loc.gov/pictures/item/dc1030/,https://tile.loc.gov/storage-services/service/pnp/habshaer/dc/dc1000/dc1030/photos/362614pr.jpg
266,tgm007479,"Marshall Square Park, 200 East Marshall Street, West Chester, Chester County, PA",Parks,https://www.loc.gov/pictures/item/pa4183/,https://tile.loc.gov/storage-services/service/pnp/habshaer/pa/pa4100/pa4183/sheet/00001r.jpg
267,tgm007479,"Eisenhower Park, Bounded by Touro Street, Thames Street, and Washington Square , Newport, Newport County, RI",Parks,https://www.loc.gov/pictures/item/ri0488/,https://tile.loc.gov/storage-services/service/pnp/habshaer/ri/ri0400/ri0488/sheet/00001r.jpg
268,tgm007479,Yellowstone National Park,Parks,https://www.loc.gov/pictures/item/2020638038/,https://tile.loc.gov/storage-services/service/pnp/ppmsca/70200/70232_150px.jpg
269,tgm007479,"A trailer, or RV, park with U.S. and Texas flags a-flying in Carrizo Springs, Texas",Parks,https://www.loc.gov/pictures/item/2014630586/,https://tile.loc.gov/storage-services/service/pnp/highsm/26300/26386r.jpg
270,tgm007479,"Martin Luther King, Jr., Rosa Parks, and Malcolm X in a portrait by an unidentified artist displayed at a gift shop, Broad St at Central Ave., Newark, New Jersey, 2015",Parks,https://www.loc.gov/pictures/item/2015647513/,https://tile.loc.gov/storage-services/service/pnp/vrg/00400/00415r.jpg
271,tgm007479,"National and state parks, skiing, skating, sliding, sleighing",Parks,https://www.loc.gov/pictures/item/92513820/,https://tile.loc.gov/storage-services/service/pnp/cph/3g00000/3g02000/3g02000/3g02065r.jpg
272,tgm007479,Sign for a camping park in Alpine in southwest Texas,Parks,https://www.loc.gov/pictures/item/2014631043/,https://tile.loc.gov/storage-services/service/pnp/highsm/26800/26843r.jpg
273,tgm007479,Woodward's Garden,Parks,https://www.loc.gov/pictures/item/92500996/,https://tile.loc.gov/storage-services/service/pnp/cph/3c00000/3c04000/3c04700/3c04784_150px.jpg
274,tgm007479,"[Willow Grove Park, Pennsylvania]",Parks,https://www.loc.gov/pictures/item/92501297/,https://tile.loc.gov/storage-services/service/pnp/cph/3c00000/3c04000/3c04900/3c04913r.jpg
275,tgm007479,"[Willow Grove Park, Pennsylvania]",Parks,https://www.loc.gov/pictures/item/92501299/,https://tile.loc.gov/storage-services/service/pnp/cph/3c00000/3c04000/3c04900/3c04914r.jpg
276,tgm007479,"Winter sports, national & state parks",Parks,https://www.loc.gov/pictures/item/92513828/,https://tile.loc.gov/storage-services/service/pnp/cph/3g00000/3g02000/3g02000/3g02066r.jpg
277,tgm009848,"Victory Day celebration, July 14, 1919, Arch of Triumph, Paris",Soldiers,https://www.loc.gov/pictures/item/2016646057/,https://tile.loc.gov/storage-services/service/pnp/stereo/1s00000/1s04000/1s04200/1s04267r.jpg
278,tgm009848,Bankoku sankai tsuran bunzu,Soldiers,https://www.loc.gov/pictures/item/2002700120/,https://tile.loc.gov/storage-services/service/pnp/cph/3g10000/3g10000/3g10300/3g10376r.jpg
279,tgm009848,"Gaikoku jinbutsu - Amerika, Furansu",Soldiers,https://www.loc.gov/pictures/item/2002700313/,https://tile.loc.gov/storage-services/service/pnp/cph/3g10000/3g10000/3g10600/3g10616r.jpg
280,tgm009848,"The Scotch Butchery, Boston, 1775",Soldiers,https://www.loc.gov/pictures/item/2004673311/,https://tile.loc.gov/storage-services/service/pnp/cph/3a00000/3a05000/3a05300/3a05307r.jpg
281,tgm009848,Hospital or Soldier's Home from the Scott statue,Soldiers,https://www.loc.gov/pictures/item/2004682442/,https://tile.loc.gov/storage-services/service/pnp/cph/3c30000/3c32000/3c32600/3c32656_150px.jpg
282,tgm009848,"[Ninth Army American soldiers, Capt. E.P. Grange of San Antonio, Tex., left, T/5 Bartow B. Falzinger of Slatington, Pa., second from left, and Cpl. John W. Standish of New York, third from left, greet Russians of Marshal Koniev's army after linkup of two forces at Apollensdorf, Germany on April 30, 1945]",Soldiers,https://www.loc.gov/pictures/item/2005689613/,https://tile.loc.gov/storage-services/service/pnp/ppmsca/09100/09148_150px.jpg
283,tgm009848,Japan takes away Kinchow Castle,Soldiers,https://www.loc.gov/pictures/item/2008660171/,https://tile.loc.gov/storage-services/service/pnp/jpd/00900/00920r.jpg
284,tgm009848,"Soldiers' Home, Washington",Soldiers,https://www.loc.gov/pictures/item/2008678220/,https://tile.loc.gov/storage-services/service/pnp/ppmsca/18000/18020r.jpg
285,tgm009848,Roshia make tabako no kōfuku,Soldiers,https://www.loc.gov/pictures/item/2009615029/,https://tile.loc.gov/storage-services/service/pnp/jpd/00000/00032r.jpg
286,tgm009848,"""What makes Japanese soldiers so strong?"" asks Russia. ""We are filled with Yamato Damashii"" [spirit of old Japan] says Japan. ""Please give me some Yamato Damashii"" [says] Russia",Soldiers,https://www.loc.gov/pictures/item/2009630472/,https://tile.loc.gov/storage-services/service/pnp/jpd/00900/00998r.jpg
287,tgm009848,"[A Russian officer sitting at a table is about to eat, but a Japanese soldier is taking the meal away, indicating a Japanese victory over Russian forces]",Soldiers,https://www.loc.gov/pictures/item/2009630492/,https://tile.loc.gov/storage-services/service/pnp/jpd/00900/00991r.jpg
288,tgm009848,[A Russian soldier protests as two Japanese soldiers interrupt his dinner preparations],Soldiers,https://www.loc.gov/pictures/item/2009630496/,https://tile.loc.gov/storage-services/service/pnp/jpd/01000/01002r.jpg
289,tgm009848,"[Japanese and Russian soldiers in fierce battle at Chiu-tien-Ch'eng, Manchuria (the battle of Yalu River)]",Soldiers,https://www.loc.gov/pictures/item/2009631608/,https://tile.loc.gov/storage-services/service/pnp/jpd/02500/02522r.jpg
290,tgm009848,The occupancy of Bunsuirei by Japanese,Soldiers,https://www.loc.gov/pictures/item/2009631612/,https://tile.loc.gov/storage-services/service/pnp/jpd/02500/02526r.jpg
291,tgm009848,The occupation of Hinshu by the Japanese second troops,Soldiers,https://www.loc.gov/pictures/item/2009631614/,https://tile.loc.gov/storage-services/service/pnp/jpd/02500/02528r.jpg
292,tgm009848,[Greek students defy Axis conquerors],Soldiers,https://www.loc.gov/pictures/item/2009633306/,https://tile.loc.gov/storage-services/service/pnp/cph/3c30000/3c38000/3c38400/3c38499_150px.jpg
293,tgm009848,The battle of Zama,Soldiers,https://www.loc.gov/pictures/item/2012645609/,https://tile.loc.gov/storage-services/service/pnp/pga/00000/00039r.jpg
294,tgm009848,Storming Fort Wagner,Soldiers,https://www.loc.gov/pictures/item/2012647346/,https://tile.loc.gov/storage-services/service/pnp/pga/01900/01949r.jpg
295,tgm009848,"Battle of Pea Ridge, Ark.",Soldiers,https://www.loc.gov/pictures/item/2013645343/,https://tile.loc.gov/storage-services/service/pnp/pga/01800/01888r.jpg
296,tgm005206,"[Comic book illustration showing man and woman embracing near open door, while a television broadcasts ""live"" coverage of towers burning during the September 11th terrorist attack on the World Trade Center, New York City]",Hugging,https://www.loc.gov/pictures/item/2002716709/,https://tile.loc.gov/storage-services/service/pnp/ppmsca/01700/01780_150px.jpg
297,tgm005206,All that heaven allows,Hugging,https://www.loc.gov/pictures/item/2002735838/,https://tile.loc.gov/storage-services/service/pnp/cph/3g10000/3g10000/3g10500/3g10503_150px.jpg
298,tgm005206,Hagi no tamagawa,Hugging,https://www.loc.gov/pictures/item/2008660570/,https://tile.loc.gov/storage-services/service/pnp/jpd/01900/01944r.jpg
299,tgm005206,[Lovers in an autumn meadow],Hugging,https://www.loc.gov/pictures/item/2008680282/,https://tile.loc.gov/storage-services/service/pnp/jpd/02100/02139r.jpg
300,tgm005206,"""Hey -- a plain handshake is enough""",Hugging,https://www.loc.gov/pictures/item/2012633398/,https://tile.loc.gov/storage-services/service/pnp/hlb/03800/03824_150px.jpg
301,tgm005206,Incumbents,Hugging,https://www.loc.gov/pictures/item/2012638985/,https://tile.loc.gov/storage-services/service/pnp/hlb/14000/14068_150px.jpg
302,tgm005206,Ada Gray in the new East Lynne,Hugging,https://www.loc.gov/pictures/item/2014636100/,https://tile.loc.gov/storage-services/service/pnp/var/0700/0724/0724r.jpg
303,tgm005206,The fatal card the powerful drama : by Haddon Chambers & B.C. Stephenson.,Hugging,https://www.loc.gov/pictures/item/2014636129/,https://tile.loc.gov/storage-services/service/pnp/var/0700/0747/0747r.jpg
304,tgm005206,"The singing comedian, Andrew Mack in the greatest of Irish plays, Myles Aroon",Hugging,https://www.loc.gov/pictures/item/2014636132/,https://tile.loc.gov/storage-services/service/pnp/var/1800/1851/1851r.jpg
305,tgm005206,The war of wealth,Hugging,https://www.loc.gov/pictures/item/2014636149/,https://tile.loc.gov/storage-services/service/pnp/var/0700/0780/0780r.jpg
306,tgm005206,"Chas. E. Blaney's big extravaganza, A boy wanted",Hugging,https://www.loc.gov/pictures/item/2014636271/,https://tile.loc.gov/storage-services/service/pnp/var/0800/0887/0887r.jpg
307,tgm005206,The queen of Chinatown by Joseph Jarrow.,Hugging,https://www.loc.gov/pictures/item/2014636523/,https://tile.loc.gov/storage-services/service/pnp/var/1100/1162/1162r.jpg
308,tgm005206,[Couple embracing in library],Hugging,https://www.loc.gov/pictures/item/2014636839/,https://tile.loc.gov/storage-services/service/pnp/var/1500/1572/1572r.jpg
309,tgm005206,[Women in ball gowns and men in military uniforms observing embracing couple at foot of staircase],Hugging,https://www.loc.gov/pictures/item/2014636865/,https://tile.loc.gov/storage-services/service/pnp/var/1500/1595/1595r.jpg
310,tgm005206,"[Man wearing military uniform, holding rifle, and embracing woman with troops in background]",Hugging,https://www.loc.gov/pictures/item/2014636866/,https://tile.loc.gov/storage-services/service/pnp/var/1500/1594/1594r.jpg
311,tgm005206,"[Hypnotist directing group of people to do unusual things: woman riding man, man playing broom like a guitar, two men embracing]",Hugging,https://www.loc.gov/pictures/item/2014636869/,https://tile.loc.gov/storage-services/service/pnp/var/1500/1591/1591r.jpg
312,tgm005206,Bronson Howard's greater Shenandoah,Hugging,https://www.loc.gov/pictures/item/2014637152/,https://tile.loc.gov/storage-services/service/pnp/var/1100/1197/1197r.jpg
313,tgm005206,"David Belasco's romantic play, The heart of Maryland",Hugging,https://www.loc.gov/pictures/item/2014637253/,https://tile.loc.gov/storage-services/service/pnp/var/1700/1733/1733r.jpg
